{
	"credit": "Made with Blockbench",
	"ambientocclusion": false,
	"textures": {
		"1": "block/rail_part_tie",
		"particle": "#rail",
		"rail": "block/activator_rail"
	},
	"elements": [
		{
			"name": "rail_west",
			"from": [2, 1, 0],
			"to": [4, 2, 16],
			"faces": {
				"north": {"uv": [4, 0, 2, 1], "texture": "#rail"},
				"east": {"uv": [4, 0, 3, 16], "rotation": 90, "texture": "#rail"},
				"south": {"uv": [2, 15, 4, 16], "texture": "#rail"},
				"west": {"uv": [3, 0, 2, 16], "rotation": 270, "texture": "#rail"},
				"up": {"uv": [2, 0, 4, 16], "texture": "#rail"},
				"down": {"uv": [2, 16, 4, 0], "texture": "#rail"}
			}
		},
		{
			"name": "rail_east",
			"from": [12, 1, 0],
			"to": [14, 2, 16],
			"faces": {
				"north": {"uv": [14, 0, 12, 1], "texture": "#rail"},
				"east": {"uv": [14, 0, 13, 16], "rotation": 90, "texture": "#rail"},
				"south": {"uv": [12, 15, 14, 16], "texture": "#rail"},
				"west": {"uv": [12, 16, 13, 0], "rotation": 90, "texture": "#rail"},
				"up": {"uv": [12, 0, 14, 16], "texture": "#rail"},
				"down": {"uv": [12, 16, 14, 0], "texture": "#rail"}
			}
		},
		{
			"name": "tie_north1",
			"from": [1, 0, 1],
			"to": [15, 1, 3],
			"faces": {
				"north": {"uv": [14, 0, 0, 1], "texture": "#1"},
				"east": {"uv": [13, 0, 14, 2], "rotation": 90, "texture": "#1"},
				"south": {"uv": [0, 1, 14, 2], "texture": "#1"},
				"west": {"uv": [0, 2, 1, 0], "rotation": 90, "texture": "#1"},
				"up": {"uv": [0, 0, 14, 2], "texture": "#1"},
				"down": {"uv": [0, 2, 14, 0], "texture": "#1"}
			}
		},
		{
			"name": "tie_north2",
			"from": [1, 0, 5],
			"to": [15, 1, 7],
			"faces": {
				"north": {"uv": [14, 2, 0, 3], "texture": "#1"},
				"east": {"uv": [13, 2, 14, 4], "rotation": 90, "texture": "#1"},
				"south": {"uv": [0, 3, 14, 4], "texture": "#1"},
				"west": {"uv": [0, 4, 1, 2], "rotation": 90, "texture": "#1"},
				"up": {"uv": [0, 2, 14, 4], "texture": "#1"},
				"down": {"uv": [0, 4, 14, 2], "texture": "#1"}
			}
		},
		{
			"name": "tie_north3",
			"from": [1, 0, 9],
			"to": [15, 1, 11],
			"faces": {
				"north": {"uv": [14, 4, 0, 5], "texture": "#1"},
				"east": {"uv": [13, 4, 14, 6], "rotation": 90, "texture": "#1"},
				"south": {"uv": [0, 5, 14, 6], "texture": "#1"},
				"west": {"uv": [0, 6, 1, 4], "rotation": 90, "texture": "#1"},
				"up": {"uv": [0, 4, 14, 6], "texture": "#1"},
				"down": {"uv": [0, 6, 14, 4], "texture": "#1"}
			}
		},
		{
			"name": "tie_north4",
			"from": [1, 0, 13],
			"to": [15, 1, 15],
			"faces": {
				"north": {"uv": [14, 6, 0, 7], "texture": "#1"},
				"east": {"uv": [13, 6, 14, 8], "rotation": 90, "texture": "#1"},
				"south": {"uv": [0, 7, 14, 8], "texture": "#1"},
				"west": {"uv": [0, 8, 1, 6], "rotation": 90, "texture": "#1"},
				"up": {"uv": [0, 6, 14, 8], "texture": "#1"},
				"down": {"uv": [0, 8, 14, 6], "texture": "#1"}
			}
		},
		{
			"name": "power_wire",
			"from": [6, 1, 0],
			"to": [10, 2, 16],
			"faces": {
				"north": {"uv": [6, 0, 10, 1], "rotation": 180, "texture": "#rail"},
				"east": {"uv": [9, 0, 10, 16], "rotation": 90, "texture": "#rail"},
				"south": {"uv": [6, 15, 10, 16], "texture": "#rail"},
				"west": {"uv": [6, 0, 7, 16], "rotation": 270, "texture": "#rail"},
				"up": {"uv": [6, 0, 10, 16], "texture": "#rail"},
				"down": {"uv": [6, 16, 10, 0], "texture": "#rail"}
			}
		}
	]
}