{
	"credit": "Made with Blockbench",
	"ambientocclusion": false,
	"textures": {
		"1": "block/rail",
		"particle": "block/rail"
	},
	"elements": [
		{
			"name": "rail_outer",
			"from": [14, 1, 4.94],
			"to": [16, 2, 20.02],
			"rotation": {"angle": -45, "axis": "y", "origin": [16, 0, 4]},
			"faces": {
				"north": {"uv": [4, 0, 2, 1], "texture": "#1"},
				"east": {"uv": [4, 0, 3, 16], "rotation": 90, "texture": "#1"},
				"south": {"uv": [2, 15, 4, 16], "texture": "#1"},
				"west": {"uv": [2, 16, 3, 0], "rotation": 90, "texture": "#1"},
				"up": {"uv": [2, 0, 4, 16], "texture": "#1"},
				"down": {"uv": [2, 16, 4, 0], "texture": "#1"}
			}
		},
		{
			"name": "rail_outer_end_e",
			"from": [14, 1, 4],
			"to": [16, 2, 5],
			"rotation": {"angle": -45, "axis": "y", "origin": [16, 0, 4]},
			"faces": {
				"north": {"uv": [4, 0, 2, 1], "texture": "#1"},
				"east": {"uv": [4, 0, 3, 1], "rotation": 90, "texture": "#1"},
				"south": {"uv": [2, 0, 4, 1], "texture": "#1"},
				"west": {"uv": [2, 1, 3, 0], "rotation": 90, "texture": "#1"},
				"up": {"uv": [2, 0, 4, 1], "texture": "#1"},
				"down": {"uv": [2, 1, 4, 0], "texture": "#1"}
			}
		},
		{
			"name": "rail_outer_end_s",
			"from": [4, 1, 14],
			"to": [5, 2, 16],
			"rotation": {"angle": 45, "axis": "y", "origin": [4, 0, 16]},
			"faces": {
				"north": {"uv": [2, 16, 3, 15], "rotation": 90, "texture": "#1"},
				"east": {"uv": [4, 15, 2, 16], "texture": "#1"},
				"south": {"uv": [4, 15, 3, 16], "rotation": 90, "texture": "#1"},
				"west": {"uv": [2, 15, 4, 16], "texture": "#1"},
				"up": {"uv": [2, 15, 4, 16], "rotation": 90, "texture": "#1"},
				"down": {"uv": [2, 16, 4, 15], "rotation": 270, "texture": "#1"}
			}
		},
		{
			"name": "rail_inner_inner_0.99",
			"from": [16, 1, 12],
			"to": [17, 1.99, 16.72],
			"rotation": {"angle": -45, "axis": "y", "origin": [16, 0, 12]},
			"faces": {
				"north": {"uv": [13, 5, 12, 6], "texture": "#1"},
				"east": {"uv": [12, 5, 13, 10], "rotation": 90, "texture": "#1"},
				"south": {"uv": [12, 9, 13, 10], "texture": "#1"},
				"west": {"uv": [12, 10, 13, 5], "rotation": 90, "texture": "#1"},
				"up": {"uv": [12, 5, 13, 10], "texture": "#1"},
				"down": {"uv": [12, 10, 13, 5], "texture": "#1"}
			}
		},
		{
			"name": "rail_inner_inner_0.98",
			"from": [16.01, 1, 12],
			"to": [17, 1.98, 17.66],
			"rotation": {"angle": -45, "axis": "y", "origin": [16, 0, 12]},
			"faces": {
				"north": {"uv": [13, 5, 12, 6], "texture": "#1"},
				"east": {"uv": [12, 5, 13, 11], "rotation": 90, "texture": "#1"},
				"south": {"uv": [12, 10, 13, 11], "texture": "#1"},
				"west": {"uv": [12, 11, 13, 5], "rotation": 90, "texture": "#1"},
				"up": {"uv": [12, 5, 13, 11], "texture": "#1"},
				"down": {"uv": [12, 11, 13, 5], "texture": "#1"}
			}
		},
		{
			"name": "rail_inner_outer_0.98",
			"from": [17, 1, 12.01],
			"to": [18, 1.98, 17.65],
			"rotation": {"angle": -45, "axis": "y", "origin": [16, 0, 12]},
			"faces": {
				"north": {"uv": [14, 5, 13, 6], "texture": "#1"},
				"east": {"uv": [14, 5, 13, 11], "rotation": 90, "texture": "#1"},
				"south": {"uv": [13, 10, 14, 11], "texture": "#1"},
				"west": {"uv": [13, 11, 14, 5], "rotation": 90, "texture": "#1"},
				"up": {"uv": [13, 5, 14, 11], "texture": "#1"},
				"down": {"uv": [13, 11, 14, 5], "texture": "#1"}
			}
		},
		{
			"name": "tie_0_outer_1",
			"from": [13, 0, 4],
			"to": [14, 1, 5.89],
			"rotation": {"angle": -45, "axis": "y", "origin": [16, 0, 4]},
			"faces": {
				"north": {"uv": [2, 1, 1, 2], "texture": "#1"},
				"south": {"uv": [1, 2, 2, 3], "texture": "#1"},
				"west": {"uv": [1, 3, 2, 1], "rotation": 90, "texture": "#1"},
				"up": {"uv": [1, 1, 2, 3], "texture": "#1"},
				"down": {"uv": [1, 3, 2, 1], "texture": "#1"}
			}
		},
		{
			"name": "tie_0_outer_2",
			"from": [14, 0, 4],
			"to": [15, 1, 5.89],
			"rotation": {"angle": -45, "axis": "y", "origin": [16, 0, 4]},
			"faces": {
				"north": {"uv": [2, 1, 1, 2], "texture": "#1"},
				"south": {"uv": [1, 2, 2, 3], "texture": "#1"},
				"down": {"uv": [1, 3, 2, 1], "texture": "#1"}
			}
		},
		{
			"name": "tie_0_outer_3",
			"from": [15, 0, 4],
			"to": [16, 1, 5.89],
			"rotation": {"angle": -45, "axis": "y", "origin": [16, 0, 4]},
			"faces": {
				"north": {"uv": [5, 1, 4, 2], "texture": "#1"},
				"south": {"uv": [4, 2, 5, 3], "texture": "#1"},
				"down": {"uv": [4, 3, 5, 1], "texture": "#1"}
			}
		},
		{
			"name": "tie_0_outer_4",
			"from": [16, 0, 4],
			"to": [17, 1, 5.89],
			"rotation": {"angle": -45, "axis": "y", "origin": [16, 0, 4]},
			"faces": {
				"north": {"uv": [5, 1, 4, 2], "texture": "#1"},
				"east": {"uv": [4, 1, 5, 3], "rotation": 90, "texture": "#1"},
				"south": {"uv": [4, 2, 5, 3], "texture": "#1"},
				"up": {"uv": [4, 1, 5, 3], "texture": "#1"},
				"down": {"uv": [4, 3, 5, 1], "texture": "#1"}
			}
		},
		{
			"name": "tie_1_outer_1",
			"from": [9, 0, 6.11],
			"to": [10, 1, 8],
			"rotation": {"angle": -45, "axis": "y", "origin": [12, 0, 8]},
			"faces": {
				"north": {"uv": [2, 5, 1, 6], "texture": "#1"},
				"south": {"uv": [1, 6, 2, 7], "texture": "#1"},
				"west": {"uv": [1, 7, 2, 5], "rotation": 90, "texture": "#1"},
				"up": {"uv": [1, 5, 2, 7], "texture": "#1"},
				"down": {"uv": [1, 7, 2, 5], "texture": "#1"}
			}
		},
		{
			"name": "tie_1_outer_2",
			"from": [10, 0, 6.11],
			"to": [11, 1, 8],
			"rotation": {"angle": -45, "axis": "y", "origin": [12, 0, 8]},
			"faces": {
				"north": {"uv": [2, 5, 1, 6], "texture": "#1"},
				"south": {"uv": [1, 6, 2, 7], "texture": "#1"},
				"down": {"uv": [1, 7, 2, 5], "texture": "#1"}
			}
		},
		{
			"name": "tie_1_outer_3",
			"from": [11, 0, 6.11],
			"to": [12, 1, 8],
			"rotation": {"angle": -45, "axis": "y", "origin": [12, 0, 8]},
			"faces": {
				"north": {"uv": [5, 5, 4, 6], "texture": "#1"},
				"south": {"uv": [4, 6, 5, 7], "texture": "#1"},
				"down": {"uv": [4, 7, 5, 5], "texture": "#1"}
			}
		},
		{
			"name": "tie_1_outer_4",
			"from": [12, 0, 6.11],
			"to": [13, 1, 8],
			"rotation": {"angle": -45, "axis": "y", "origin": [12, 0, 8]},
			"faces": {
				"north": {"uv": [5, 5, 4, 6], "texture": "#1"},
				"south": {"uv": [4, 6, 5, 7], "texture": "#1"},
				"up": {"uv": [4, 5, 5, 7], "texture": "#1"},
				"down": {"uv": [4, 7, 5, 5], "texture": "#1"}
			}
		},
		{
			"name": "tie_1_middle",
			"from": [13, 0, 6.11],
			"to": [16.66, 1, 8],
			"rotation": {"angle": -45, "axis": "y", "origin": [12, 0, 8]},
			"faces": {
				"north": {"uv": [10, 5, 6, 6], "texture": "#1"},
				"east": {"uv": [9, 5, 10, 7], "rotation": 90, "texture": "#1"},
				"south": {"uv": [6, 6, 10, 7], "texture": "#1"},
				"up": {"uv": [6, 5, 10, 7], "texture": "#1"},
				"down": {"uv": [6, 7, 10, 5], "texture": "#1"}
			}
		},
		{
			"name": "tie_2_outer_1",
			"from": [7, 0, 9.055],
			"to": [8, 1, 10.945],
			"rotation": {"angle": -45, "axis": "y", "origin": [10, 0, 10]},
			"faces": {
				"north": {"uv": [2, 9, 1, 10], "texture": "#1"},
				"south": {"uv": [1, 10, 2, 11], "texture": "#1"},
				"west": {"uv": [1, 11, 2, 9], "rotation": 90, "texture": "#1"},
				"up": {"uv": [1, 9, 2, 11], "texture": "#1"},
				"down": {"uv": [1, 11, 2, 9], "texture": "#1"}
			}
		},
		{
			"name": "tie_2_outer_2",
			"from": [8, 0, 9.055],
			"to": [9, 1, 10.945],
			"rotation": {"angle": -45, "axis": "y", "origin": [10, 0, 10]},
			"faces": {
				"north": {"uv": [2, 9, 1, 10], "texture": "#1"},
				"south": {"uv": [1, 10, 2, 11], "texture": "#1"},
				"down": {"uv": [1, 11, 2, 9], "texture": "#1"}
			}
		},
		{
			"name": "tie_2_outer_3",
			"from": [9, 0, 9.055],
			"to": [10, 1, 10.945],
			"rotation": {"angle": -45, "axis": "y", "origin": [10, 0, 10]},
			"faces": {
				"north": {"uv": [5, 9, 4, 10], "texture": "#1"},
				"south": {"uv": [4, 10, 5, 11], "texture": "#1"},
				"down": {"uv": [4, 11, 5, 9], "texture": "#1"}
			}
		},
		{
			"name": "tie_2_outer_4",
			"from": [10, 0, 9.055],
			"to": [11, 1, 10.945],
			"rotation": {"angle": -45, "axis": "y", "origin": [10, 0, 10]},
			"faces": {
				"north": {"uv": [5, 9, 4, 10], "texture": "#1"},
				"south": {"uv": [4, 10, 5, 11], "texture": "#1"},
				"up": {"uv": [4, 9, 5, 11], "texture": "#1"},
				"down": {"uv": [4, 11, 5, 9], "texture": "#1"}
			}
		},
		{
			"name": "tie_2_middle",
			"from": [11, 0, 9.055],
			"to": [14.66, 1, 10.945],
			"rotation": {"angle": -45, "axis": "y", "origin": [10, 0, 10]},
			"faces": {
				"north": {"uv": [10, 9, 6, 10], "texture": "#1"},
				"south": {"uv": [6, 10, 10, 11], "texture": "#1"},
				"up": {"uv": [6, 9, 10, 11], "texture": "#1"},
				"down": {"uv": [6, 11, 10, 9], "texture": "#1"}
			}
		},
		{
			"name": "tie_2_inner_1",
			"from": [16, 0, 13.055],
			"to": [17, 1, 14.945],
			"rotation": {"angle": -45, "axis": "y", "origin": [14, 0, 14]},
			"faces": {
				"north": {"uv": [15, 9, 14, 10], "texture": "#1"},
				"east": {"uv": [14, 9, 15, 11], "rotation": 90, "texture": "#1"},
				"south": {"uv": [14, 10, 15, 11], "texture": "#1"},
				"up": {"uv": [14, 9, 15, 11], "texture": "#1"},
				"down": {"uv": [14, 11, 15, 9], "texture": "#1"}
			}
		},
		{
			"name": "tie_2_inner_2",
			"from": [15, 0, 13.055],
			"to": [16, 1, 14.945],
			"rotation": {"angle": -45, "axis": "y", "origin": [14, 0, 14]},
			"faces": {
				"north": {"uv": [15, 9, 14, 10], "texture": "#1"},
				"south": {"uv": [14, 10, 15, 11], "texture": "#1"},
				"down": {"uv": [14, 11, 15, 9], "texture": "#1"}
			}
		},
		{
			"name": "tie_2_inner_3",
			"from": [14, 0, 13.055],
			"to": [15, 1, 14.945],
			"rotation": {"angle": -45, "axis": "y", "origin": [14, 0, 14]},
			"faces": {
				"north": {"uv": [12, 9, 11, 10], "texture": "#1"},
				"south": {"uv": [11, 10, 12, 11], "texture": "#1"},
				"down": {"uv": [11, 11, 12, 9], "texture": "#1"}
			}
		},
		{
			"name": "tie_2_inner_4",
			"from": [13, 0, 13.055],
			"to": [14, 1, 14.945],
			"rotation": {"angle": -45, "axis": "y", "origin": [14, 0, 14]},
			"faces": {
				"north": {"uv": [12, 9, 11, 10], "texture": "#1"},
				"south": {"uv": [11, 10, 12, 11], "texture": "#1"},
				"up": {"uv": [11, 9, 12, 11], "texture": "#1"},
				"down": {"uv": [11, 11, 12, 9], "texture": "#1"}
			}
		},
		{
			"name": "tie_3_outer_1",
			"from": [5, 0, 12],
			"to": [6, 1, 13.89],
			"rotation": {"angle": -45, "axis": "y", "origin": [8, 0, 12]},
			"faces": {
				"north": {"uv": [2, 14, 1, 15], "texture": "#1"},
				"south": {"uv": [1, 13, 2, 14], "texture": "#1"},
				"west": {"uv": [1, 13, 2, 15], "rotation": 90, "texture": "#1"},
				"up": {"uv": [1, 15, 2, 13], "texture": "#1"},
				"down": {"uv": [1, 13, 2, 15], "texture": "#1"}
			}
		},
		{
			"name": "tie_3_outer_2",
			"from": [6, 0, 12],
			"to": [7, 1, 13.89],
			"rotation": {"angle": -45, "axis": "y", "origin": [8, 0, 12]},
			"faces": {
				"north": {"uv": [2, 14, 1, 15], "texture": "#1"},
				"south": {"uv": [1, 13, 2, 14], "texture": "#1"},
				"down": {"uv": [1, 13, 2, 15], "texture": "#1"}
			}
		},
		{
			"name": "tie_3_outer_3",
			"from": [7, 0, 12],
			"to": [8, 1, 13.89],
			"rotation": {"angle": -45, "axis": "y", "origin": [8, 0, 12]},
			"faces": {
				"north": {"uv": [5, 14, 4, 15], "texture": "#1"},
				"south": {"uv": [4, 13, 5, 14], "texture": "#1"},
				"down": {"uv": [4, 13, 5, 15], "texture": "#1"}
			}
		},
		{
			"name": "tie_3_outer_4",
			"from": [8, 0, 12],
			"to": [9, 1, 13.89],
			"rotation": {"angle": -45, "axis": "y", "origin": [8, 0, 12]},
			"faces": {
				"north": {"uv": [5, 14, 4, 15], "texture": "#1"},
				"south": {"uv": [4, 13, 5, 14], "texture": "#1"},
				"up": {"uv": [4, 15, 5, 13], "texture": "#1"},
				"down": {"uv": [4, 13, 5, 15], "texture": "#1"}
			}
		},
		{
			"name": "tie_3_middle",
			"from": [9, 0, 12],
			"to": [12.66, 1, 13.89],
			"rotation": {"angle": -45, "axis": "y", "origin": [8, 0, 12]},
			"faces": {
				"north": {"uv": [10, 14, 6, 15], "texture": "#1"},
				"east": {"uv": [9, 15, 10, 13], "rotation": 90, "texture": "#1"},
				"south": {"uv": [6, 13, 10, 14], "texture": "#1"},
				"up": {"uv": [6, 15, 10, 13], "texture": "#1"},
				"down": {"uv": [6, 13, 10, 15], "texture": "#1"}
			}
		},
		{
			"name": "tie_4_outer_1",
			"from": [1, 0, 14.11],
			"to": [2, 1, 16],
			"rotation": {"angle": -45, "axis": "y", "origin": [4, 0, 16]},
			"faces": {
				"north": {"uv": [2, 14, 1, 15], "texture": "#1"},
				"south": {"uv": [1, 13, 2, 14], "texture": "#1"},
				"west": {"uv": [1, 13, 2, 15], "rotation": 90, "texture": "#1"},
				"up": {"uv": [1, 15, 2, 13], "texture": "#1"},
				"down": {"uv": [1, 13, 2, 15], "texture": "#1"}
			}
		},
		{
			"name": "tie_4_outer_2",
			"from": [2, 0, 14.11],
			"to": [3, 1, 16],
			"rotation": {"angle": -45, "axis": "y", "origin": [4, 0, 16]},
			"faces": {
				"north": {"uv": [2, 14, 1, 15], "texture": "#1"},
				"south": {"uv": [1, 13, 2, 14], "texture": "#1"},
				"down": {"uv": [1, 13, 2, 15], "texture": "#1"}
			}
		},
		{
			"name": "tie_4_outer_3",
			"from": [3, 0, 14.11],
			"to": [4, 1, 16],
			"rotation": {"angle": -45, "axis": "y", "origin": [4, 0, 16]},
			"faces": {
				"north": {"uv": [5, 14, 4, 15], "texture": "#1"},
				"south": {"uv": [4, 13, 5, 14], "texture": "#1"},
				"down": {"uv": [4, 13, 5, 15], "texture": "#1"}
			}
		},
		{
			"name": "tie_4_outer_4",
			"from": [4, 0, 14.11],
			"to": [5, 1, 16],
			"rotation": {"angle": -45, "axis": "y", "origin": [4, 0, 16]},
			"faces": {
				"north": {"uv": [5, 14, 4, 15], "texture": "#1"},
				"east": {"uv": [4, 15, 5, 13], "rotation": 90, "texture": "#1"},
				"south": {"uv": [4, 13, 5, 14], "texture": "#1"},
				"up": {"uv": [4, 15, 5, 13], "texture": "#1"},
				"down": {"uv": [4, 13, 5, 15], "texture": "#1"}
			}
		}
	]
}