{
	"credit": "Made with Blockbench",
	"ambientocclusion": false,
	"textures": {
		"1": "block/rail_part_tie",
		"2": "create:block/rail_part_tie",
		"particle": "create:block/controller_rail_base",
		"rail": "create:block/controller_rail_base"
	},
	"elements": [
		{
			"name": "rail_1l",
			"from": [12, 1, 0],
			"to": [14, 2, 15.08],
			"rotation": {"angle": -45, "axis": "x", "origin": [8, 2, 0]},
			"faces": {
				"north": {"uv": [2, 15, 4, 16], "texture": "#rail"},
				"east": {"uv": [2, 0, 3, 16], "rotation": 270, "texture": "#rail"},
				"west": {"uv": [3, 0, 4, 16], "rotation": 90, "texture": "#rail"},
				"up": {"uv": [4, 16, 2, 0], "texture": "#rail"},
				"down": {"uv": [4, 0, 2, 16], "texture": "#rail"}
			}
		},
		{
			"name": "rail_1r",
			"from": [2, 1, 0],
			"to": [4, 2, 15.08],
			"rotation": {"angle": -45, "axis": "x", "origin": [8, 2, 0]},
			"faces": {
				"north": {"uv": [12, 15, 14, 16], "texture": "#rail"},
				"east": {"uv": [12, 0, 13, 16], "rotation": 270, "texture": "#rail"},
				"west": {"uv": [13, 0, 14, 16], "rotation": 90, "texture": "#rail"},
				"up": {"uv": [14, 16, 12, 0], "texture": "#rail"},
				"down": {"uv": [14, 0, 12, 16], "texture": "#rail"}
			}
		},
		{
			"name": "rail_2l",
			"from": [12, 17, 8.45],
			"to": [14, 18, 16],
			"rotation": {"angle": -45, "axis": "x", "origin": [8, 18, 16]},
			"faces": {
				"east": {"uv": [2, 8, 3, 16], "rotation": 270, "texture": "#rail"},
				"south": {"uv": [2, 8, 4, 9], "rotation": 180, "texture": "#rail"},
				"west": {"uv": [3, 8, 4, 16], "rotation": 90, "texture": "#rail"},
				"up": {"uv": [4, 16, 2, 8], "texture": "#rail"},
				"down": {"uv": [4, 8, 2, 16], "texture": "#rail"}
			}
		},
		{
			"name": "rail_2l",
			"from": [2, 17, 8.45],
			"to": [4, 18, 16],
			"rotation": {"angle": -45, "axis": "x", "origin": [8, 18, 16]},
			"faces": {
				"east": {"uv": [12, 8, 13, 16], "rotation": 270, "texture": "#rail"},
				"south": {"uv": [12, 8, 14, 9], "rotation": 180, "texture": "#rail"},
				"west": {"uv": [13, 8, 14, 16], "rotation": 90, "texture": "#rail"},
				"up": {"uv": [14, 16, 12, 8], "texture": "#rail"},
				"down": {"uv": [14, 8, 12, 16], "texture": "#rail"}
			}
		},
		{
			"name": "redstone_wire_n",
			"from": [5, 17, 12.22],
			"to": [11, 18, 16],
			"rotation": {"angle": -45, "axis": "x", "origin": [4, 18, 16]},
			"faces": {
				"east": {"uv": [10, 12, 11, 16], "rotation": 90, "texture": "#rail"},
				"south": {"uv": [5, 15, 11, 16], "rotation": 180, "texture": "#rail"},
				"west": {"uv": [5, 12, 6, 16], "rotation": 270, "texture": "#rail"},
				"up": {"uv": [11, 16, 5, 12], "rotation": 180, "texture": "#rail"},
				"down": {"uv": [11, 12, 5, 16], "rotation": 180, "texture": "#rail"}
			}
		},
		{
			"name": "redstone_wire_c",
			"from": [5, 1, 3.77],
			"to": [11, 2, 18.85],
			"rotation": {"angle": -45, "axis": "x", "origin": [4, 2, 0]},
			"faces": {
				"east": {"uv": [10, 0, 11, 16], "rotation": 90, "texture": "#rail"},
				"west": {"uv": [5, 0, 6, 16], "rotation": 270, "texture": "#rail"},
				"up": {"uv": [11, 16, 5, 0], "rotation": 180, "texture": "#rail"},
				"down": {"uv": [11, 0, 5, 16], "rotation": 180, "texture": "#rail"}
			}
		},
		{
			"name": "redstone_wire_s",
			"from": [5, 1, 0],
			"to": [11, 2, 3.77],
			"rotation": {"angle": -45, "axis": "x", "origin": [4, 2, 0]},
			"faces": {
				"north": {"uv": [5, 12, 11, 13], "rotation": 180, "texture": "#rail"},
				"east": {"uv": [10, 12, 11, 16], "rotation": 90, "texture": "#rail"},
				"west": {"uv": [5, 12, 6, 16], "rotation": 270, "texture": "#rail"},
				"up": {"uv": [11, 16, 5, 12], "rotation": 180, "texture": "#rail"},
				"down": {"uv": [11, 12, 5, 16], "rotation": 180, "texture": "#rail"}
			}
		},
		{
			"name": "tie_1",
			"from": [1, 16, 13.17],
			"to": [15, 17, 15.06],
			"rotation": {"angle": -45, "axis": "x", "origin": [16, 18, 16]},
			"faces": {
				"north": {"uv": [0, 1, 14, 2], "texture": "#1"},
				"east": {"uv": [0, 0, 1, 2], "rotation": 270, "texture": "#1"},
				"south": {"uv": [14, 0, 0, 1], "texture": "#1"},
				"west": {"uv": [13, 0, 14, 2], "rotation": 90, "texture": "#1"},
				"up": {"uv": [14, 2, 0, 0], "texture": "#1"},
				"down": {"uv": [0, 2, 14, 0], "rotation": 180, "texture": "#1"}
			}
		},
		{
			"name": "tie_2",
			"from": [1, 16, 9.39],
			"to": [15, 17, 11.28],
			"rotation": {"angle": -45, "axis": "x", "origin": [16, 18, 16]},
			"faces": {
				"north": {"uv": [0, 3, 14, 4], "texture": "#1"},
				"east": {"uv": [0, 2, 1, 4], "rotation": 270, "texture": "#1"},
				"south": {"uv": [14, 2, 0, 3], "texture": "#1"},
				"west": {"uv": [13, 2, 14, 4], "rotation": 90, "texture": "#1"},
				"up": {"uv": [14, 4, 0, 2], "texture": "#1"},
				"down": {"uv": [0, 4, 14, 2], "rotation": 180, "texture": "#1"}
			}
		},
		{
			"name": "tie_3",
			"from": [1, 0, 9.43],
			"to": [15, 1, 13.2],
			"rotation": {"angle": -45, "axis": "x", "origin": [16, 2, 0]},
			"faces": {
				"north": {"uv": [0, 3, 14, 4], "texture": "#2"},
				"east": {"uv": [0, 0, 1, 4], "rotation": 270, "texture": "#2"},
				"south": {"uv": [14, 0, 0, 1], "texture": "#2"},
				"west": {"uv": [13, 0, 14, 4], "rotation": 90, "texture": "#2"},
				"up": {"uv": [14, 4, 0, 0], "texture": "#2"},
				"down": {"uv": [0, 4, 14, 0], "rotation": 180, "texture": "#2"}
			}
		},
		{
			"name": "tie_5",
			"from": [1, 0, 4.71],
			"to": [15, 1, 6.6],
			"rotation": {"angle": -45, "axis": "x", "origin": [16, 2, 0]},
			"faces": {
				"north": {"uv": [0, 9, 14, 10], "texture": "#1"},
				"east": {"uv": [0, 8, 1, 10], "rotation": 270, "texture": "#1"},
				"south": {"uv": [14, 8, 0, 9], "texture": "#1"},
				"west": {"uv": [13, 8, 14, 10], "rotation": 90, "texture": "#1"},
				"up": {"uv": [14, 10, 0, 8], "texture": "#1"},
				"down": {"uv": [0, 10, 14, 8], "rotation": 180, "texture": "#1"}
			}
		},
		{
			"name": "tie_6",
			"from": [1, 0, 0.94],
			"to": [15, 1, 2.83],
			"rotation": {"angle": -45, "axis": "x", "origin": [16, 2, 0]},
			"faces": {
				"north": {"uv": [0, 11, 14, 12], "texture": "#1"},
				"east": {"uv": [0, 10, 1, 12], "rotation": 270, "texture": "#1"},
				"south": {"uv": [14, 10, 0, 11], "texture": "#1"},
				"west": {"uv": [13, 10, 14, 12], "rotation": 90, "texture": "#1"},
				"up": {"uv": [14, 12, 0, 10], "texture": "#1"},
				"down": {"uv": [0, 12, 14, 10], "rotation": 180, "texture": "#1"}
			}
		},
		{
			"name": "support_1r_upper",
			"from": [2, -1, -1.89],
			"to": [4, 0, 13.19],
			"rotation": {"angle": -45, "axis": "x", "origin": [8, 2, 0]},
			"faces": {
				"north": {"uv": [0, 14, 1, 12], "rotation": 270, "texture": "#1"},
				"east": {"uv": [0, 13, 16, 14], "rotation": 180, "texture": "#1"},
				"west": {"uv": [0, 12, 16, 13], "texture": "#1"},
				"up": {"uv": [16, 12, 0, 14], "rotation": 270, "texture": "#1"},
				"down": {"uv": [16, 14, 0, 12], "rotation": 90, "texture": "#1"}
			}
		},
		{
			"name": "support_1r_lower",
			"from": [2, -5, 1.89],
			"to": [4, -4, 16.97],
			"rotation": {"angle": -45, "axis": "x", "origin": [8, 2, 0]},
			"faces": {
				"north": {"uv": [0, 16, 1, 14], "rotation": 270, "texture": "#1"},
				"east": {"uv": [0, 15, 16, 16], "rotation": 180, "texture": "#1"},
				"south": {"uv": [5, 1, 11, 2], "texture": "#rail"},
				"west": {"uv": [0, 14, 16, 15], "texture": "#1"},
				"up": {"uv": [16, 14, 0, 16], "rotation": 270, "texture": "#1"},
				"down": {"uv": [16, 16, 0, 14], "rotation": 90, "texture": "#1"}
			}
		},
		{
			"name": "support_1l_upper",
			"from": [12, -1, -1.89],
			"to": [14, 0, 13.19],
			"rotation": {"angle": -45, "axis": "x", "origin": [8, 2, 0]},
			"faces": {
				"north": {"uv": [0, 12, 1, 14], "rotation": 270, "texture": "#1"},
				"east": {"uv": [0, 12, 16, 13], "rotation": 180, "texture": "#1"},
				"south": {"uv": [5, 2, 11, 1], "texture": "#rail"},
				"west": {"uv": [0, 13, 16, 14], "texture": "#1"},
				"up": {"uv": [16, 14, 0, 12], "rotation": 270, "texture": "#1"},
				"down": {"uv": [16, 12, 0, 14], "rotation": 90, "texture": "#1"}
			}
		},
		{
			"name": "support_1l_lower",
			"from": [12, -5, 1.89],
			"to": [14, -4, 16.97],
			"rotation": {"angle": -45, "axis": "x", "origin": [8, 2, 0]},
			"faces": {
				"north": {"uv": [0, 14, 1, 16], "rotation": 270, "texture": "#1"},
				"east": {"uv": [0, 14, 16, 15], "rotation": 180, "texture": "#1"},
				"south": {"uv": [5, 1, 11, 2], "texture": "#rail"},
				"west": {"uv": [0, 15, 16, 16], "texture": "#1"},
				"up": {"uv": [16, 16, 0, 14], "rotation": 270, "texture": "#1"},
				"down": {"uv": [0, 14, 16, 16], "rotation": 90, "texture": "#1"}
			}
		},
		{
			"name": "support_2l_upper",
			"from": [12, 15, 6.56],
			"to": [14, 16, 14.11],
			"rotation": {"angle": -45, "axis": "x", "origin": [8, 18, 16]},
			"faces": {
				"east": {"uv": [16, 14, 8, 15], "rotation": 180, "texture": "#1"},
				"south": {"uv": [8, 16, 9, 14], "rotation": 270, "texture": "#1"},
				"west": {"uv": [16, 16, 8, 15], "texture": "#1"},
				"up": {"uv": [8, 16, 16, 14], "rotation": 270, "texture": "#1"},
				"down": {"uv": [8, 14, 16, 16], "rotation": 90, "texture": "#1"}
			}
		},
		{
			"name": "support_2l_lower",
			"from": [12, 11, 10.34],
			"to": [14, 12, 17.89],
			"rotation": {"angle": -45, "axis": "x", "origin": [8, 18, 16]},
			"faces": {
				"east": {"uv": [16, 12, 8, 13], "rotation": 180, "texture": "#1"},
				"south": {"uv": [8, 14, 9, 12], "rotation": 270, "texture": "#1"},
				"west": {"uv": [16, 13, 8, 14], "texture": "#1"},
				"up": {"uv": [8, 14, 16, 12], "rotation": 270, "texture": "#1"},
				"down": {"uv": [8, 12, 16, 14], "rotation": 90, "texture": "#1"}
			}
		},
		{
			"name": "support_2r_lower",
			"from": [2, 11, 10.34],
			"to": [4, 12, 17.89],
			"rotation": {"angle": -45, "axis": "x", "origin": [8, 18, 16]},
			"faces": {
				"north": {"uv": [5, 1, 11, 2], "texture": "#rail"},
				"east": {"uv": [16, 13, 8, 14], "rotation": 180, "texture": "#1"},
				"south": {"uv": [8, 12, 9, 14], "rotation": 270, "texture": "#1"},
				"west": {"uv": [16, 12, 8, 13], "texture": "#1"},
				"up": {"uv": [8, 12, 16, 14], "rotation": 270, "texture": "#1"},
				"down": {"uv": [8, 14, 16, 12], "rotation": 90, "texture": "#1"}
			}
		},
		{
			"name": "support_2r_upper",
			"from": [2, 15, 6.56],
			"to": [4, 16, 14.11],
			"rotation": {"angle": -45, "axis": "x", "origin": [8, 18, 16]},
			"faces": {
				"north": {"uv": [5, 1, 11, 2], "texture": "#rail"},
				"east": {"uv": [16, 15, 8, 16], "rotation": 180, "texture": "#1"},
				"south": {"uv": [8, 14, 9, 16], "rotation": 270, "texture": "#1"},
				"west": {"uv": [16, 15, 8, 14], "texture": "#1"},
				"up": {"uv": [8, 14, 16, 16], "rotation": 270, "texture": "#1"},
				"down": {"uv": [8, 16, 16, 14], "rotation": 90, "texture": "#1"}
			}
		},
		{
			"from": [12.5, 13.7, 17.1],
			"to": [13.5, 14.7, 21.1],
			"rotation": {"angle": 0, "axis": "y", "origin": [16, 16, 32]},
			"faces": {
				"east": {"uv": [0, 13, 4, 14], "texture": "#1"},
				"south": {"uv": [0, 13, 1, 14], "texture": "#1"},
				"west": {"uv": [4, 13, 0, 14], "texture": "#1"},
				"up": {"uv": [4, 14, 0, 13], "rotation": 90, "texture": "#1"},
				"down": {"uv": [4, 14, 0, 13], "texture": "#1"}
			}
		},
		{
			"from": [12.5, 10.7, 16.1],
			"to": [13.5, 14.7, 17.1],
			"rotation": {"angle": 0, "axis": "y", "origin": [16, 0, 16]},
			"faces": {
				"north": {"uv": [0, 15, 4, 16], "rotation": 90, "texture": "#1"},
				"east": {"uv": [0, 15, 4, 16], "rotation": 90, "texture": "#1"},
				"south": {"uv": [0, 15, 4, 16], "rotation": 90, "texture": "#1"},
				"west": {"uv": [0, 15, 4, 16], "rotation": 90, "texture": "#1"},
				"up": {"uv": [1, 16, 0, 15], "rotation": 90, "texture": "#1"}
			}
		},
		{
			"from": [12.5, 9.7, 13.1],
			"to": [13.5, 10.7, 17.1],
			"rotation": {"angle": 0, "axis": "y", "origin": [16, 16, 32]},
			"faces": {
				"east": {"uv": [4, 13, 8, 14], "texture": "#1"},
				"south": {"uv": [4, 13, 5, 14], "texture": "#1"},
				"west": {"uv": [8, 13, 4, 14], "texture": "#1"},
				"up": {"uv": [8, 14, 4, 13], "rotation": 90, "texture": "#1"},
				"down": {"uv": [8, 14, 4, 13], "texture": "#1"}
			}
		},
		{
			"from": [12.5, 6.7, 12.1],
			"to": [13.5, 10.7, 13.1],
			"rotation": {"angle": 0, "axis": "y", "origin": [16, 0, 16]},
			"faces": {
				"north": {"uv": [4, 15, 8, 16], "rotation": 90, "texture": "#1"},
				"east": {"uv": [4, 15, 8, 16], "rotation": 90, "texture": "#1"},
				"south": {"uv": [4, 15, 8, 16], "rotation": 90, "texture": "#1"},
				"west": {"uv": [4, 15, 8, 16], "rotation": 90, "texture": "#1"},
				"up": {"uv": [5, 16, 4, 15], "rotation": 90, "texture": "#1"}
			}
		},
		{
			"from": [12.5, -1.3, 4.1],
			"to": [13.5, 2.7, 5.1],
			"rotation": {"angle": 0, "axis": "y", "origin": [16, 0, 16]},
			"faces": {
				"north": {"uv": [12, 15, 16, 16], "rotation": 90, "texture": "#1"},
				"east": {"uv": [12, 15, 16, 16], "rotation": 90, "texture": "#1"},
				"south": {"uv": [12, 15, 16, 16], "rotation": 90, "texture": "#1"},
				"west": {"uv": [12, 15, 16, 16], "rotation": 90, "texture": "#1"},
				"up": {"uv": [13, 16, 12, 15], "rotation": 90, "texture": "#1"}
			}
		},
		{
			"from": [12.5, 1.7, 5.1],
			"to": [13.5, 2.7, 9.1],
			"rotation": {"angle": 0, "axis": "y", "origin": [16, 16, 32]},
			"faces": {
				"east": {"uv": [12, 13, 16, 14], "texture": "#1"},
				"south": {"uv": [12, 13, 13, 14], "texture": "#1"},
				"west": {"uv": [16, 13, 12, 14], "texture": "#1"},
				"up": {"uv": [16, 14, 12, 13], "rotation": 90, "texture": "#1"},
				"down": {"uv": [16, 14, 12, 13], "texture": "#1"}
			}
		},
		{
			"from": [12.5, 2.7, 8.1],
			"to": [13.5, 6.7, 9.1],
			"rotation": {"angle": 0, "axis": "y", "origin": [16, 0, 16]},
			"faces": {
				"north": {"uv": [8, 15, 12, 16], "rotation": 90, "texture": "#1"},
				"east": {"uv": [8, 15, 12, 16], "rotation": 90, "texture": "#1"},
				"south": {"uv": [8, 15, 12, 16], "rotation": 90, "texture": "#1"},
				"west": {"uv": [8, 15, 12, 16], "rotation": 90, "texture": "#1"},
				"up": {"uv": [9, 16, 8, 15], "rotation": 90, "texture": "#1"}
			}
		},
		{
			"from": [12.5, 5.7, 9.1],
			"to": [13.5, 6.7, 13.1],
			"rotation": {"angle": 0, "axis": "y", "origin": [16, 16, 32]},
			"faces": {
				"east": {"uv": [8, 13, 12, 14], "texture": "#1"},
				"south": {"uv": [8, 13, 9, 14], "texture": "#1"},
				"west": {"uv": [12, 13, 8, 14], "texture": "#1"},
				"up": {"uv": [12, 14, 8, 13], "rotation": 90, "texture": "#1"},
				"down": {"uv": [12, 14, 8, 13], "texture": "#1"}
			}
		},
		{
			"from": [2.5, 13.7, 17.1],
			"to": [3.5, 14.7, 21.1],
			"rotation": {"angle": 0, "axis": "y", "origin": [16, 16, 32]},
			"faces": {
				"east": {"uv": [0, 13, 4, 14], "texture": "#1"},
				"south": {"uv": [0, 13, 1, 14], "texture": "#1"},
				"west": {"uv": [4, 13, 0, 14], "texture": "#1"},
				"up": {"uv": [4, 14, 0, 13], "rotation": 90, "texture": "#1"},
				"down": {"uv": [4, 14, 0, 13], "texture": "#1"}
			}
		},
		{
			"from": [2.5, 10.7, 16.1],
			"to": [3.5, 14.7, 17.1],
			"rotation": {"angle": 0, "axis": "y", "origin": [16, 0, 16]},
			"faces": {
				"north": {"uv": [0, 15, 4, 16], "rotation": 90, "texture": "#1"},
				"east": {"uv": [0, 15, 4, 16], "rotation": 90, "texture": "#1"},
				"south": {"uv": [0, 15, 4, 16], "rotation": 90, "texture": "#1"},
				"west": {"uv": [0, 15, 4, 16], "rotation": 90, "texture": "#1"},
				"up": {"uv": [1, 16, 0, 15], "rotation": 90, "texture": "#1"}
			}
		},
		{
			"from": [2.5, 9.7, 13.1],
			"to": [3.5, 10.7, 17.1],
			"rotation": {"angle": 0, "axis": "y", "origin": [16, 16, 32]},
			"faces": {
				"east": {"uv": [4, 13, 8, 14], "texture": "#1"},
				"south": {"uv": [4, 13, 5, 14], "texture": "#1"},
				"west": {"uv": [8, 13, 4, 14], "texture": "#1"},
				"up": {"uv": [8, 14, 4, 13], "rotation": 90, "texture": "#1"},
				"down": {"uv": [8, 14, 4, 13], "texture": "#1"}
			}
		},
		{
			"from": [2.5, 6.7, 12.1],
			"to": [3.5, 10.7, 13.1],
			"rotation": {"angle": 0, "axis": "y", "origin": [16, 0, 16]},
			"faces": {
				"north": {"uv": [4, 15, 8, 16], "rotation": 90, "texture": "#1"},
				"east": {"uv": [4, 15, 8, 16], "rotation": 90, "texture": "#1"},
				"south": {"uv": [4, 15, 8, 16], "rotation": 90, "texture": "#1"},
				"west": {"uv": [4, 15, 8, 16], "rotation": 90, "texture": "#1"},
				"up": {"uv": [5, 16, 4, 15], "rotation": 90, "texture": "#1"}
			}
		},
		{
			"from": [2.5, -1.3, 4.1],
			"to": [3.5, 2.7, 5.1],
			"rotation": {"angle": 0, "axis": "y", "origin": [16, 0, 16]},
			"faces": {
				"north": {"uv": [12, 15, 16, 16], "rotation": 90, "texture": "#1"},
				"east": {"uv": [12, 15, 16, 16], "rotation": 90, "texture": "#1"},
				"south": {"uv": [12, 15, 16, 16], "rotation": 90, "texture": "#1"},
				"west": {"uv": [12, 15, 16, 16], "rotation": 90, "texture": "#1"},
				"up": {"uv": [13, 16, 12, 15], "rotation": 90, "texture": "#1"}
			}
		},
		{
			"from": [2.5, 1.7, 5.1],
			"to": [3.5, 2.7, 9.1],
			"rotation": {"angle": 0, "axis": "y", "origin": [16, 16, 32]},
			"faces": {
				"east": {"uv": [12, 13, 16, 14], "texture": "#1"},
				"south": {"uv": [12, 13, 13, 14], "texture": "#1"},
				"west": {"uv": [16, 13, 12, 14], "texture": "#1"},
				"up": {"uv": [16, 14, 12, 13], "rotation": 90, "texture": "#1"},
				"down": {"uv": [16, 14, 12, 13], "texture": "#1"}
			}
		},
		{
			"from": [2.5, 2.7, 8.1],
			"to": [3.5, 6.7, 9.1],
			"rotation": {"angle": 0, "axis": "y", "origin": [16, 0, 16]},
			"faces": {
				"north": {"uv": [8, 15, 12, 16], "rotation": 90, "texture": "#1"},
				"east": {"uv": [8, 15, 12, 16], "rotation": 90, "texture": "#1"},
				"south": {"uv": [8, 15, 12, 16], "rotation": 90, "texture": "#1"},
				"west": {"uv": [8, 15, 12, 16], "rotation": 90, "texture": "#1"},
				"up": {"uv": [9, 16, 8, 15], "rotation": 90, "texture": "#1"}
			}
		},
		{
			"from": [2.5, 5.7, 9.1],
			"to": [3.5, 6.7, 13.1],
			"rotation": {"angle": 0, "axis": "y", "origin": [16, 16, 32]},
			"faces": {
				"east": {"uv": [8, 13, 12, 14], "texture": "#1"},
				"south": {"uv": [8, 13, 9, 14], "texture": "#1"},
				"west": {"uv": [12, 13, 8, 14], "texture": "#1"},
				"up": {"uv": [12, 14, 8, 13], "rotation": 90, "texture": "#1"},
				"down": {"uv": [12, 14, 8, 13], "texture": "#1"}
			}
		},
		{
			"from": [3, 1.6, 6],
			"to": [13, 2.6, 7],
			"rotation": {"angle": -22.5, "axis": "y", "origin": [8, 3, 6.5]},
			"faces": {
				"north": {"uv": [3, 13, 13, 14], "texture": "#1"},
				"east": {"uv": [3, 13, 4, 14], "texture": "#1"},
				"south": {"uv": [13, 13, 3, 14], "texture": "#1"},
				"west": {"uv": [12, 13, 13, 14], "texture": "#1"},
				"up": {"uv": [13, 14, 3, 13], "texture": "#1"},
				"down": {"uv": [13, 14, 3, 13], "texture": "#1"}
			}
		},
		{
			"from": [3, 5.6, 10],
			"to": [13, 6.6, 11],
			"rotation": {"angle": 22.5, "axis": "y", "origin": [8, 7, 10.5]},
			"faces": {
				"north": {"uv": [3, 15, 13, 16], "texture": "#1"},
				"east": {"uv": [3, 15, 4, 16], "texture": "#1"},
				"south": {"uv": [13, 15, 3, 16], "texture": "#1"},
				"west": {"uv": [12, 15, 13, 16], "texture": "#1"},
				"up": {"uv": [13, 16, 3, 15], "texture": "#1"},
				"down": {"uv": [13, 16, 3, 15], "texture": "#1"}
			}
		},
		{
			"from": [3, 9.6, 14],
			"to": [13, 10.6, 15],
			"rotation": {"angle": -22.5, "axis": "y", "origin": [8, 11, 14.5]},
			"faces": {
				"north": {"uv": [3, 13, 13, 14], "texture": "#1"},
				"east": {"uv": [3, 13, 4, 14], "texture": "#1"},
				"south": {"uv": [13, 13, 3, 14], "texture": "#1"},
				"west": {"uv": [12, 13, 13, 14], "texture": "#1"},
				"up": {"uv": [13, 14, 3, 13], "texture": "#1"},
				"down": {"uv": [13, 14, 3, 13], "texture": "#1"}
			}
		},
		{
			"from": [3, 13.6, 18],
			"to": [13, 14.6, 19],
			"rotation": {"angle": 22.5, "axis": "y", "origin": [8, 15, 18.5]},
			"faces": {
				"north": {"uv": [3, 15, 13, 16], "texture": "#1"},
				"east": {"uv": [3, 15, 4, 16], "texture": "#1"},
				"south": {"uv": [13, 15, 3, 16], "texture": "#1"},
				"west": {"uv": [12, 15, 13, 16], "texture": "#1"},
				"up": {"uv": [13, 16, 3, 15], "texture": "#1"},
				"down": {"uv": [13, 16, 3, 15], "texture": "#1"}
			}
		}
	],
	"groups": [
		0,
		1,
		2,
		3,
		4,
		5,
		6,
		7,
		8,
		9,
		10,
		11,
		12,
		13,
		14,
		15,
		16,
		17,
		18,
		19,
		{
			"name": "group",
			"origin": [0, 0, 0],
			"color": 0,
			"children": [20, 21, 22, 23, 24, 25, 26, 27]
		},
		{
			"name": "group",
			"origin": [0, 0, 0],
			"color": 0,
			"children": [28, 29, 30, 31, 32, 33, 34, 35]
		},
		36,
		37,
		38,
		39
	]
}