{"paintings":[{"name":"absolemsbasepack:fruits","x":32,"y":16},{"name":"absolemsbasepack:pkmn_red","x":32,"y":16},{"name":"absolemsbasepack:cat_black","x":16,"y":16},{"name":"absolemsbasepack:cat_gray","x":16,"y":16},{"name":"absolemsbasepack:pkmn_blue","x":32,"y":16},{"name":"absolemsbasepack:face_chicken","x":16,"y":16},{"name":"absolemsbasepack:face_steve","x":16,"y":16},{"name":"absolemsbasepack:mine_prosperity","x":32,"y":16},{"name":"absolemsbasepack:exit_down","x":32,"y":16},{"name":"absolemsbasepack:danger_zone","x":32,"y":32},{"name":"absolemsbasepack:abstract_red","x":16,"y":16},{"name":"absolemsbasepack:whale","x":32,"y":16},{"name":"absolemsbasepack:exit_right","x":32,"y":16},{"name":"absolemsbasepack:face_pigman","x":16,"y":16},{"name":"absolemsbasepack:snake","x":16,"y":32},{"name":"absolemsbasepack:no_trespassing_for_mobs","x":32,"y":16},{"name":"absolemsbasepack:blue_bird","x":32,"y":16},{"name":"absolemsbasepack:snow_landscape","x":32,"y":16},{"name":"absolemsbasepack:glowlamp","x":32,"y":32},{"name":"absolemsbasepack:skyblock","x":32,"y":32},{"name":"absolemsbasepack:cat_orange","x":16,"y":16},{"name":"absolemsbasepack:barn_owl","x":32,"y":16},{"name":"absolemsbasepack:face_silverfish","x":16,"y":16},{"name":"absolemsbasepack:face_cow","x":16,"y":16},{"name":"absolemsbasepack:link","x":32,"y":16},{"name":"absolemsbasepack:pkmn_green","x":32,"y":16},{"name":"absolemsbasepack:subaraki","x":32,"y":16},{"name":"absolemsbasepack:plains_hut","x":32,"y":16},{"name":"absolemsbasepack:ocelot","x":16,"y":16},{"name":"absolemsbasepack:ghost","x":16,"y":32},{"name":"absolemsbasepack:decorative_gun","x":32,"y":16},{"name":"absolemsbasepack:colorful_squares","x":32,"y":16},{"name":"absolemsbasepack:tapistry_a","x":32,"y":16},{"name":"absolemsbasepack:big_z","x":16,"y":16},{"name":"absolemsbasepack:exit_up","x":32,"y":16},{"name":"absolemsbasepack:glowstone_hourglass","x":16,"y":32},{"name":"absolemsbasepack:abstract_rainbow","x":16,"y":16},{"name":"absolemsbasepack:prison","x":16,"y":32},{"name":"absolemsbasepack:face_skeleton","x":16,"y":16},{"name":"absolemsbasepack:cane","x":16,"y":32},{"name":"absolemsbasepack:torched","x":32,"y":16},{"name":"absolemsbasepack:portrait","x":16,"y":16},{"name":"absolemsbasepack:portrait_2","x":16,"y":16},{"name":"absolemsbasepack:arachnophobe","x":32,"y":16},{"name":"absolemsbasepack:tapistry_purple","x":16,"y":32},{"name":"absolemsbasepack:face_dog","x":16,"y":16},{"name":"absolemsbasepack:wheat_field","x":32,"y":16},{"name":"absolemsbasepack:synth_city","x":16,"y":16},{"name":"absolemsbasepack:abstract_blue","x":16,"y":16},{"name":"absolemsbasepack:abstract_sunset","x":16,"y":16},{"name":"absolemsbasepack:cat","x":32,"y":16},{"name":"absolemsbasepack:sky","x":32,"y":32},{"name":"absolemsbasepack:tapistry_b","x":16,"y":32},{"name":"absolemsbasepack:prosperity","x":16,"y":32},{"name":"absolemsbasepack:face_bat","x":16,"y":16},{"name":"absolemsbasepack:face_creeper","x":16,"y":16},{"name":"absolemsbasepack:fishes","x":32,"y":16},{"name":"absolemsbasepack:pig_on_a_cliff","x":32,"y":32},{"name":"absolemsbasepack:flowers","x":32,"y":16},{"name":"absolemsbasepack:borgia","x":16,"y":32},{"name":"absolemsbasepack:penguin","x":32,"y":16},{"name":"absolemsbasepack:face_enderman","x":16,"y":16},{"name":"absolemsbasepack:wolf_in_wheat","x":32,"y":16},{"name":"absolemsbasepack:face_pig","x":16,"y":16},{"name":"absolemsbasepack:crest","x":32,"y":16},{"name":"absolemsbasepack:waterfall","x":32,"y":16},{"name":"absolemsbasepack:exit_left","x":32,"y":16},{"name":"absolemsbasepack:face_squid","x":16,"y":16},{"name":"absolemsbasepack:rest","x":32,"y":16},{"name":"absolemsbasepack:skeleton","x":16,"y":32},{"name":"absolemsbasepack:face_zombie","x":16,"y":16},{"name":"absolemsbasepack:iluvmc","x":32,"y":16},{"name":"absolemsbasepack:bluesclues","x":32,"y":16}]}