{
  "type": "subaraki:pattern",
  "name": "foreck",
  "pattern": [
    "AAAAAAAAAAAAAAAAcccdMMMMMMMmmmmm",
    "AAAAAAAAAAAAAAAAcccdMMMMMMMmmmmm",
    "BBBBBBBBBBBBBBAAcccdMMMMMMMmmmmm",
    "BBBBBBBBBBCCCCCCCCCCMMMMMMMmmmmm",
    "  DDDDDDDDD EEEEIII MMMMMMMmmmmm",
    "  DDDDDDDDD EEEEIII   NNNNNmmmmm",
    "eeee    FFFFEEEEIII   NNNNNmmmmm",
    "eeee    FFFFEEEEIIIIIINNNNNmmmmm",
    "FFFFFFFFFFFFEEEEIIIIII          ",
    "FFFFFFFFFFFFEEEEIIIIII  OOOOOOOO",
    "FFFFFFFFFFFFEEEEHHHHHHHHOOOOOOOO",
    "FFFFFFFFFFFFEEEEHHHHHHHHOOOOOOOO",
    "ffffffffffffEEEEHHHHHHHHOOOOOOOO",
    "ffffffffffff    HHHHHHHHPPPPPPP ",
    "ffffffffffff    HHHHHHHHPPPPPPP ",
    "ffffffffffff    HHHHHHHHPPPPPPP ",
    "EEEEEEEEEEEEGGGGGGGGGGGGPPPPPPP ",
    "EEEEEEEEEEEEGGGGGGGGGGGGPPPPPPP ",
    "EEEEEEEEEEEEGGGGGGGGGGGGPPPPPPP ",
    "EEEEEEEEEEEEGGGGGGGGGGGGPPPPPPP ",
    "EEEEEEEEEEEEGGGGGGGGGGGGPPPPPPP ",
    "EEEEEEEEEEEEGGGGGGGGGGGGPPPPPPP ",
    "ffffffffffffjjjjjjjjjjjjJJJJJJJ ",
    "ffffffffffffjjjjjjjjjjjjJJJJJJJ ",
    "ffffffffffffjjjjjjjjjjjjJJJJJJJ ",
    "ffffffffffffjjjjjjjjjjjjJJJJJJJ ",
    "ffffffffffffffffiiiiiYXXJJJJJJJ ",
    "ffffffffffffffffiiiiiYXXJJJJJJJ ",
    "ffffffffffffffffiiiiiYXXJJJJJJJ ",
    "ffffffffffffffffiiiiiYXXJJJJJJJ ",
    "                                ",
    "                                "
  ],
  "key": {
    "A": {"width": 1, "height": 1},
    "B": {"width": 2, "height": 1},
    "C": {"width": 5, "height": 1},
    "c": {"width": 3, "height": 1},
    "D": {"width": 1, "height": 2},
    "d": {"width": 1, "height": 3},
    "E": {"width": 4, "height": 3},
    "e": {"width": 4, "height": 2},
    "F": {"width": 2, "height": 2},
    "f": {"width": 4, "height": 4},
    "G": {"width": 3, "height": 2},
    "H": {"width": 2, "height": 3},
    "I": {"width": 3, "height": 3},
    "i": {"width": 5, "height": 4},
    "J": {"width": 7, "height": 4},
    "j": {"width": 6, "height": 4},
    "M": {"width": 7, "height": 5},
    "m": {"width": 5, "height": 8},
    "N": {"width": 5, "height": 3},
    "O": {"width": 8, "height": 4},
    "p": {"width": 7, "height": 9},
    "Y": {"width": 1, "height": 4},
    "X": {"width": 2, "height": 4}
  }
}
